#,Cancion,key,Genero,Artista,Idioma,Sugerida Por,COPPER,Recording Link,Video Link,Lyrics Link,Votes for Event
,Set 1,,,,,,,,,,
1.01,Run Away,F#m,Regue,Los Pericos,Spanglish,,Leashless,,https://youtu.be/KoxlzZlILzI,,
1.02,Have you ever seen the rain,,Rock,,Ingles,,Leashless,,,,
1.03,Hombre Lobo en Paris,A,Rock,La Unio/Pika Pika,Español,MARIN,Leashless,https://youtu.be/EVJz_yHwlrg?si=auXIrbDWfpV6ugbG,,,
1.04,Riders on the Storm,,,,,,Leashless,,,,
1.05,Amores Lejanos,Am,Rock,Enanitos,Español,,Leashless,,https://youtu.be/sX6XV6fTyzU,,
1.06,Stand By Me,,,,Ingles,,Leashless,,,,
1.07,Corazon Espinado,Dm,Rock,Mana,Español,,Leashless,https://www.instagram.com/pikapikaband/reel/DbpbRCSu-wU/,,,
1.08,Afuera,Bm7,Rock,Caifanes,Español,,Leashless,https://www.instagram.com/pikapikaband/reel/DYTtvTBhARh/,https://youtu.be/Dmob0xrR4-w?si=wDj03ReMl4ANjfD8,,
1.09,Todo me Sale Mal,F,Rock,El Tri,Español,,Leashless,,https://youtu.be/YztrMDhTRac,,
1.1,El lado Oscuro,Gm,Rock,Jarabe de Palo,Español,MARIO,,,https://youtu.be/-0w0m2woTgk,,
1.11,I Can't Get No - Satisfaction,E,Rock,Rolling Stones,Ingles,,Leashless,,,,
1.12,Musica Ligera,Bm,Rock,Soda Estereo,Español,,,,,,
1.13,I shot the Sherif,Pendiente,Regue,Bob Marlin,Ingles,,Leashless,,,,
1.14,Oye Mi Amor,Bm,Rock,Mana,Español,CESAR,Leashless,https://youtu.be/xopMQSTUwDY?si=v2ReENRbbAJLBO7n,https://youtu.be/h0p8yTqj8i4,,
,set 2,,,,,,,,,,
2.01,Stir it up,,,,,,Leashless,,,,
2.02,Cumbia del Sol,D7,Cumbia,,Español,,Leashless,,,,
2.03,Folson Prison Blues,,Country Rock,Bastardos Country Rock,Ingles,FER,Leashless,,https://youtu.be/hpz30xQ882k,,
2.04,La Negra Tomasa,Bm,Cumbia Rockera,Caifanes,Español,,Leashless,,,,
2.05,Cumbia los Pajaritos,Am,Cumbia,Pika Pika,Español,FER,Leashless,,https://youtu.be/RPWKAzNxilY,,
2.06,Sufre Mamon,Dm,Cumbia Rockera,Pika Pika,Español,,Leashless,https://youtu.be/Ezm3eBd8_Ic?si=lVbPlpG6_-vSQWDL,,,
2.07,Nunca es suficiente,Am,Cumbia,Angeles,Español,,Leashless,,https://youtu.be/k76BgIb89-s,,
2.08,Mil Horas,Gm,Cumbia,La Sonora,Español,MARIO,Leashless,,https://youtu.be/5DU4n_5xfYM?si=TLmGa4jKZt9car7Q,,
2.09,Chuntaro Style,C,Cumbia Rockera,El Gran Silencio,Español,,Leashless,,https://youtu.be/Jp7qZnhbSII,,
2.1,Guitarras Blancas,Cm,Cumbia Rockera,La Nueva Ola,Español,FER,Leashless,https://youtu.be/JHfDWDoG9Y4?si=bQ8i_38nabJCm2I8,https://www.instagram.com/pikapikaband/reel/DZ6m0E2gPYY/,,
2.11,17 anos,Dm,Cumbia Rockera,Angeles/Jay,Español,,Leashless,https://youtu.be/hOduQEHMDQI?si=gVbcY7pF89fbvEx-,https://youtu.be/y22w9ObONtQ,,
2.12,Sergio el Bailador,G,Cumbia,Bronco,Español,,Leashless,,,,
2.13,Juana la Cubana,Cm7,Cumbia,,Español,,Leashless,,https://youtu.be/pr7ZmsGNZyI,,
,Set 3,,,,,,,,,,
3.01,La Planta,Em,Rock,Caos,Español,,Leashless,https://youtu.be/jy8d6zTVXLQ?si=odbnL8OlfAylE4zS,https://youtu.be/nPY9ZGg34so,,
3.02,Me Vale,,,Mana,Español,,Leashless,,,,
3.03,Tragos De Amargo Licor,G,Norteña,Bumbury and la Santa Cecilia,Español,,Leashless,,https://youtu.be/Az-k85FwmCU,,
3.04,La nena,A,Banda,,Español,,Leashless,,,,
3.05,La Boda del Huitlacoche,,Huapango Norteño,,Español,,Leashless,,,,
3.06,Como quien pierde una estrella,C,Cumbia,Pika Pika,Español,CESAR,Leashless,https://1drv.ms/u/c/171b83388dae019e/IQA6ct9L54TJTLrZCTCWFTmHAYKLaEmye0klLxmwW6DI5-s?e=c5txXz,,,
3.07,Desvelado,Bm,Tex-Tex,Bobby Pullido,Español,CESAR,Leashless,https://youtu.be/VTi__Gwfzgg?si=-tc5gRIyCI8wQA6_,https://youtu.be/-6_HDXEhNO0,,
3.08,El Botecito,E7,Cumbia Norteña,???,Español,,Leashless,,https://youtu.be/irfE3zyUkms,,
3.09,El Sirenito,G,Cumbia,Rigo T,Español,,Leashless,https://1drv.ms/v/c/171b83388dae019e/IQBLjaaOoBkoT7pXdTiCyJbZAczjCq9mDHTj2DB90yQdM7E,,,
3.1,Tiene Espinas el Rosal,Em,Cumbia,Cañaveral,Español,,Leashless,https://youtu.be/3cWzh9BHm6A?si=l5zh7tpwUcwxJ_-2,https://youtu.be/THZbjHKyhR0,,
3.11,La Chona,C,Cumbia?,Los Tucanes,Español,,Leashless,,,,
3.12,No Rompas Mas,Bb,Country,Golden Horse,Español,,Leashless,,,,
3.13,Feliz Feliz,,Quebradita,Mi banda Mexican,Español,MARIN,Leashless,https://1drv.ms/v/c/171b83388dae019e/IQAwugUi_Ez1TJ4dutFhkZ4QAe5GPyXqsE8luel02yCrdJc,,,
3.14,Amor,A,Cumbia Naca,Emmanuel Cortess,Español,MIGUEL,Leashless,,https://youtu.be/b-XkexlmElM,,
NF,Creep -ONHOLD,Pendiente,,,Ingles,,,,,,
NF,Fue en un Café,Em,Classic Rock,Los Apson,Español,,,,,,
NF,Get Lucky,Bm,Techno-Funk,Punk,Ingles,,Leashless,,,,
NF,Lamento Boliviano,Em,,,Español,,,,,,
NF,Mariposa Traicionera-ONHOLD,Dm,Pop rockero gay,Mana,Español,,,,,,
NF,Moño Colorado-ONHOLD,A,Cumbia,???,Español,,Leashless,,,,
NF,Muralla Verde,B,Rock,Enanitos,Español,FER,,,,,
NF,Paula,ONHOLD,Espacial Mariguanesco,Zoe,Español,MIGUEL,,,https://youtu.be/9boHyjzpEIw,,
NF,Quiero ver,Casi lista para en Vivo.,,Café Tacuba,Español,,Leashless,,https://youtu.be/BgQg3J7xU1k,,
NF,Tus jefes no me quieren,D#m,Cumbia,??,Español,ALI,,,https://youtu.be/4iM2BPKmt5A,,
NF,Yo te Necesito,,,Los Bukies,Español,,,,,,
,,,,,,,,,,,
,,,,,,,,,,,
,,,,,,,,,,,
Pending,Apuesta por el rock&roll,,,,Español,,,,,,
Pending,Boys don't cry,,,The cure,Ingles,,Leashless,,,,
Pending,Duerme Soñando-OHHOLD,Pendiente,Rock Cumbiero,El Gran Silencio,Español,MARIN,,,,,
Pending,Just the two of us-ONHOLD,Pendiente,??,,Ingles,FER,,,,,
Pending,Kumbala-ONHOLD,OUT?,,,Español,,,,,,
Pending,Mentirosa,OUT?,Rock Pop,Elefante,Español,,,,,,
Pending,Para todos los Rumberos,Pendiente,Cumbia Rockera,Los Angeles Y Panteon,Español,,,,https://youtu.be/nyEiusgs_3I,,
Pending,Roadhouse blues,Pendiente,Rock,Las Puertas,Ingles,MARIO,Leashless,,,,
Pending,Son del dolor,OUT?,,,Español,,,,,,
,,,,,,,,,,,
,,,,,,,,,,,
,PENDIENTES:  ,,,,,,Leashless,,,,
